{"cameraMode":{"drawMode":0,"name":"Shaded","section":"Shading Mode"},"sceneLighting":false,"audioPlay":false,"sceneViewState":{"showFog":true,"showMaterialUpdate":false,"showSkybox":false,"showFlares":true,"showImageEffects":true,"showParticleSystems":true},"in2DMode":false,"pivot":{"x":-0.00009590387344360352,"y":0.8072789907455444,"z":0.07532685995101929},"rotation":{"x":0.3029664158821106,"y":0.404885858297348,"z":-0.14463505148887635,"w":0.8507124781608582},"size":1.3070727586746216,"orthographic":false}