{"cameraMode":{"drawMode":0,"name":"Shaded","section":"Shading Mode"},"sceneLighting":true,"audioPlay":false,"sceneViewState":{"showFog":true,"showMaterialUpdate":false,"showSkybox":true,"showFlares":true,"showImageEffects":true,"showParticleSystems":true},"in2DMode":false,"pivot":{"x":-786.7088012695313,"y":-1127.5087890625,"z":1677.069091796875},"rotation":{"x":0.2626766562461853,"y":-0.2081175446510315,"z":0.056044187396764758,"w":0.9409452080726624},"size":1101.45361328125,"orthographic":false}