{"cameraMode":{"drawMode":0,"name":"Shaded","section":"Shading Mode"},"sceneLighting":false,"audioPlay":false,"sceneViewState":{"showFog":true,"showMaterialUpdate":false,"showSkybox":false,"showFlares":true,"showImageEffects":true,"showParticleSystems":true},"in2DMode":false,"pivot":{"x":0.0013467669486999512,"y":0.8229649662971497,"z":0.06039674952626228},"rotation":{"x":0.08731291443109513,"y":-0.900094211101532,"z":0.2119823396205902,"w":0.370608925819397},"size":1.2957123517990113,"orthographic":false}