{"cameraMode":{"drawMode":0,"name":"Shaded","section":"Shading Mode"},"sceneLighting":false,"audioPlay":false,"sceneViewState":{"showFog":true,"showMaterialUpdate":false,"showSkybox":false,"showFlares":true,"showImageEffects":true,"showParticleSystems":true},"in2DMode":false,"pivot":{"x":1.3264806270599366,"y":0.6451180577278137,"z":-25.721174240112306},"rotation":{"x":0.09276525676250458,"y":0.5783252716064453,"z":-0.06636910885572434,"w":0.8078354597091675},"size":2.0660922527313234,"orthographic":false}