{"cameraMode":{"drawMode":0,"name":"Shaded","section":"Shading Mode"},"sceneLighting":false,"audioPlay":false,"sceneViewState":{"showFog":true,"showMaterialUpdate":false,"showSkybox":false,"showFlares":true,"showImageEffects":true,"showParticleSystems":true},"in2DMode":false,"pivot":{"x":-0.5369714498519898,"y":1.0854666233062745,"z":-22.048309326171876},"rotation":{"x":0.04406561702489853,"y":0.33672070503234866,"z":-0.01573825441300869,"w":0.9404773712158203},"size":2.0764002799987795,"orthographic":false}