{"cameraMode":{"drawMode":0,"name":"Shaded","section":"Shading Mode"},"sceneLighting":false,"audioPlay":false,"sceneViewState":{"showFog":true,"showMaterialUpdate":false,"showSkybox":false,"showFlares":true,"showImageEffects":true,"showParticleSystems":true},"in2DMode":false,"pivot":{"x":-0.4773859977722168,"y":1.5864505767822266,"z":-22.786178588867189},"rotation":{"x":-0.009429007768630982,"y":0.37630289793014529,"z":0.003871768480166793,"w":0.926477313041687},"size":1.8978408575057984,"orthographic":false}