{"cameraMode":{"drawMode":0,"name":"Shaded","section":"Shading Mode"},"sceneLighting":false,"audioPlay":false,"sceneViewState":{"showFog":true,"showMaterialUpdate":true,"showSkybox":false,"showFlares":true,"showImageEffects":true,"showParticleSystems":true},"in2DMode":false,"pivot":{"x":59.621219635009769,"y":-13.022491455078125,"z":-45.137916564941409},"rotation":{"x":-0.07163753360509873,"y":-0.8285642266273499,"z":0.10900489240884781,"w":-0.5445005297660828},"size":33.24104690551758,"orthographic":false}