{"cameraMode":{"drawMode":0,"name":"Shaded","section":"Shading Mode"},"sceneLighting":false,"audioPlay":false,"sceneViewState":{"showFog":true,"showMaterialUpdate":false,"showSkybox":false,"showFlares":true,"showImageEffects":true,"showParticleSystems":true},"in2DMode":false,"pivot":{"x":-0.30297014117240908,"y":0.32657405734062197,"z":-0.26236698031425478},"rotation":{"x":0.16675111651420594,"y":0.27065813541412356,"z":-0.047661520540714267,"w":0.9469284415245056},"size":0.5628693103790283,"orthographic":false}