{"cameraMode":{"drawMode":0,"name":"Shaded","section":"Shading Mode"},"sceneLighting":true,"audioPlay":false,"sceneViewState":{"showFog":true,"showMaterialUpdate":true,"showSkybox":true,"showFlares":true,"showImageEffects":true,"showParticleSystems":true},"in2DMode":false,"pivot":{"x":181.6680908203125,"y":-609.75146484375,"z":605.5464477539063},"rotation":{"x":0.35892730951309206,"y":0.12820909917354585,"z":-0.04984709247946739,"w":0.9231787919998169},"size":456.4714050292969,"orthographic":false}