{"cameraMode":{"drawMode":0,"name":"Shaded","section":"Shading Mode"},"sceneLighting":false,"audioPlay":false,"sceneViewState":{"showFog":true,"showMaterialUpdate":true,"showSkybox":false,"showFlares":true,"showImageEffects":true,"showParticleSystems":true},"in2DMode":false,"pivot":{"x":2.3970160484313967,"y":1.1542375087738038,"z":-20.072723388671876},"rotation":{"x":0.12312212586402893,"y":0.29477015137672427,"z":-0.03833258897066116,"w":0.946837842464447},"size":1.9115816354751588,"orthographic":false}