{"cameraMode":{"drawMode":0,"name":"Shaded","section":"Shading Mode"},"sceneLighting":false,"audioPlay":false,"sceneViewState":{"showFog":true,"showMaterialUpdate":false,"showSkybox":false,"showFlares":true,"showImageEffects":true,"showParticleSystems":true},"in2DMode":false,"pivot":{"x":-0.2083968222141266,"y":0.33160772919654848,"z":-21.59844970703125},"rotation":{"x":0.12014364451169968,"y":0.3315398693084717,"z":-0.042574260383844379,"w":0.9348276257514954},"size":1.9387112855911255,"orthographic":false}