{"cameraMode":{"drawMode":0,"name":"Shaded","section":"Shading Mode"},"sceneLighting":false,"audioPlay":false,"sceneViewState":{"showFog":true,"showMaterialUpdate":false,"showSkybox":false,"showFlares":true,"showImageEffects":true,"showParticleSystems":true},"in2DMode":false,"pivot":{"x":0.02972431480884552,"y":0.20926810801029206,"z":0.5226811766624451},"rotation":{"x":0.03022466041147709,"y":0.07280737161636353,"z":-0.002206796780228615,"w":0.9968909025192261},"size":0.5628693103790283,"orthographic":false}