{"cameraMode":{"drawMode":0,"name":"Shaded","section":"Shading Mode"},"sceneLighting":true,"audioPlay":false,"sceneViewState":{"showFog":true,"showMaterialUpdate":false,"showSkybox":true,"showFlares":true,"showImageEffects":true,"showParticleSystems":true},"in2DMode":false,"pivot":{"x":79.429443359375,"y":-396.8873596191406,"z":745.27978515625},"rotation":{"x":0.23443496227264405,"y":0.05333835631608963,"z":-0.012880928814411164,"w":0.9705884456634522},"size":439.5415344238281,"orthographic":false}