{"cameraMode":{"drawMode":0,"name":"Shaded","section":"Shading Mode"},"sceneLighting":true,"audioPlay":false,"sceneViewState":{"showFog":true,"showMaterialUpdate":false,"showSkybox":true,"showFlares":true,"showImageEffects":true,"showParticleSystems":true},"in2DMode":false,"pivot":{"x":2.9760234355926515,"y":-3.103605270385742,"z":-18.624500274658204},"rotation":{"x":0.16487351059913636,"y":0.1165778785943985,"z":-0.019628508016467096,"w":0.9792067408561707},"size":13.022601127624512,"orthographic":false}